passengerId,name,surname,contactNumber
2400,ahmad,karaca,5511264568
2016,galal,ibrahim,5312091347
512,fjfmk,fjhfk,131235
1,Mohammad,Karaca,22
2,Ayse,Yilmaz,30
3,John,Doe,45
7459,ibrahim,ismail,12345679
3331,gggg,ggvvv,1324654
456,hh,kkkkk,45
34344,gggg,kkkkkkk,123456
4424,bbb,gbbb,125
1324,Hello,itsme,5312091347
71629,ahmed,ismail,123456789
240,mohammad,hashfe,5511264568
1234,Galal,Ahmed,5312091347
1235,gggg,vvvvv,1354849
1111,11223,ksrs,12345689
123,fff,rggg,13464512
222,fff,fff,2131
415,ggg,grffgd,13485
